-- phpMyAdmin SQL Dump
-- version 4.8.3
-- https://www.phpmyadmin.net/
--
-- Host: localhost:3306
-- Generation Time: Nov 24, 2018 at 03:46 PM
-- Server version: 5.5.61-cll
-- PHP Version: 7.2.7

SET SQL_MODE = "NO_AUTO_VALUE_ON_ZERO";
SET AUTOCOMMIT = 0;
START TRANSACTION;
SET time_zone = "+00:00";


/*!40101 SET @OLD_CHARACTER_SET_CLIENT=@@CHARACTER_SET_CLIENT */;
/*!40101 SET @OLD_CHARACTER_SET_RESULTS=@@CHARACTER_SET_RESULTS */;
/*!40101 SET @OLD_COLLATION_CONNECTION=@@COLLATION_CONNECTION */;
/*!40101 SET NAMES utf8mb4 */;

--
-- Database: `theevent_participant`
--

-- --------------------------------------------------------

--
-- Table structure for table `sessionid`
--

CREATE TABLE `sessionid` (
  `id` int(11) NOT NULL,
  `session_name` varchar(255) NOT NULL
) ENGINE=InnoDB DEFAULT CHARSET=latin1;

--
-- Dumping data for table `sessionid`
--

INSERT INTO `sessionid` (`id`, `session_name`) VALUES
(1, 'Day 1'),
(2, 'Day 2'),
(3, 'Day 3'),
(4, 'Day 4');

-- --------------------------------------------------------

--
-- Table structure for table `user`
--

CREATE TABLE `user` (
  `ids` int(11) NOT NULL,
  `reg_no` varchar(255) NOT NULL,
  `title` varchar(255) NOT NULL,
  `fname` varchar(255) NOT NULL,
  `lname` varchar(255) NOT NULL,
  `category` varchar(255) NOT NULL,
  `sponsor` varchar(255) NOT NULL
) ENGINE=InnoDB DEFAULT CHARSET=latin1;

--
-- Dumping data for table `user`
--

INSERT INTO `user` (`ids`, `reg_no`, `title`, `fname`, `lname`, `category`, `sponsor`) VALUES
(1, 'reg_no', 'title', 'lname', 'fname', 'Category', 'sponsor'),
(2, 'KCC13448-35475-001', 'Prof', 'Bahendeka', 'Silver', 'Chair EADSG', 'Uganda'),
(3, 'KCC13448-35475-011', 'Mr', 'Wenceslaus ', 'Sseguya', 'Delegate', 'Uganda'),
(4, 'KCC13448-35475-012', 'Dr', 'Sylvester', 'Semanda', 'Delegate', 'Uganda'),
(5, 'KCC13448-35475-049', 'Dr', 'Gebremichael', 'Mussie', 'Delegate', 'Ethiopia'),
(6, 'KCC13448-35475-050', 'Dr', 'Martin ', 'Nsubuga', 'Delegate', 'Uganda'),
(7, 'KCC13448-35475-052', 'Dr', 'Damascene', 'Kabakambira', 'Delegate', 'USA'),
(8, 'KCC13448-35475-053', 'Ms', 'Hanne ', 'Strandgaard', 'Delegate', 'Denmark'),
(9, 'KCC13448-35475-054', 'Dr', 'Thierno Abdoulaye', 'Balde  ', 'Delegate', 'Kenya'),
(10, 'KCC13448-35475-055', 'Dr', 'Trevor ', 'Orchard', 'Delegate', 'USA'),
(11, 'KCC13448-35475-056', 'Dr', 'Davis', 'Kibirige', 'Delegate', 'Uganda'),
(12, 'KCC13448-35475-057', 'Dr', ' Amos ', 'Ankotche', 'Delegate', 'Ivory Coast'),
(13, 'KCC13448-35475-058', 'DR.', ' Babacar', 'Niang', 'Delegate', 'Senegal'),
(14, 'KCC13448-35475-059', 'Dr', 'Shareef', 'Reham', 'Delegate', 'Sudan'),
(15, 'KCC13448-35475-060', 'Dr', 'Jean Clovis', 'Kalobu', 'Delegate', 'Congo'),
(16, 'KCC13448-35475-061', 'Dr', 'Abdulkerim', 'Hassen', 'Delegate', 'Ethiopia'),
(17, 'KCC13448-35475-064', 'Dr', 'Terry', 'Piloya', 'Delegate', 'Uganda'),
(18, 'KCC13448-35475-065', 'Dr', 'Mamadou ', 'Diallo', 'Delegate', 'Guinea Con'),
(19, 'KCC13448-35475-069', 'Ms', 'Kelly  ', 'Close', 'Delegate', 'USA'),
(20, 'KCC13448-35475-070', 'Mr', ' Brian ', 'Levine', 'Delegate', 'USA'),
(21, 'KCC13448-35475-071', 'Mr', 'Morgan ', 'Patton', 'Delegate', 'USA'),
(22, 'KCC13448-35475-077', 'Dr', 'Jean Marie Vianney Ganza ', 'Gapira', 'Delegate', 'Rwanda'),
(23, 'KCC13448-35475-082', 'Dr', 'Ali Zahran', 'Hamad', 'Delegate', 'Zanzibar'),
(24, 'KCC13448-35475-083', 'Dr', 'Mwalim', 'Omar', 'Delegate', 'Zanzibar'),
(25, 'KCC13448-35475-084', 'Dr', 'Mariam', 'Kalomo', 'Delegate', 'Tanzania'),
(26, 'KCC13448-35475-090', 'Dr', 'Zacharia ', 'Muriuki', 'Delegate', 'Kenya'),
(27, 'KCC13448-35475-091', 'Dr', 'Eliud', 'Muriithi', 'Delegate', 'Kenya'),
(28, 'KCC13448-35475-093', 'Dr', 'Gerald', 'Mutungi', 'Delegate', 'Uganda'),
(29, 'KCC13448-35475-094', 'Mr.', 'Phil ', 'Southerland', 'Delegate', 'USA'),
(30, 'KCC13448-35475-095', 'Ms', 'Kelly', 'Diodati', 'Delegate', ''),
(31, 'KCC13448-35475-096', 'Mr.', 'Jerome ', 'Grilhot ', 'Delegate', ''),
(32, 'KCC13448-35475-097', 'Mr.', 'Ulrik  Uldall', 'Nielsen', 'Delegate', 'Denmark'),
(33, 'KCC13448-35475-098', 'Mr.', 'Martin ', 'Nordman', 'Delegate', 'Denmark'),
(34, 'KCC13448-35475-099', 'Dr', 'David ', 'Muyanja', 'Delegate', 'Uganda'),
(35, 'KCC13448-35475-100', 'Dr', 'Venkat ', 'Kalyan', 'Delegate', 'UAE-Dubai'),
(36, 'KCC13448-35475-101', 'Dr', 'Pernille ', 'Poulsen', 'Delegate', 'UAE-Dubai'),
(37, 'KCC13448-35475-102', 'Dr', 'Miguel  Angel', 'Torres', 'Delegate', 'UAE-Dubai'),
(38, 'KCC13448-35475-103', 'Dr', 'Fokion ', 'Sinis', 'Delegate', 'UAE-Dubai'),
(39, 'KCC13448-35475-104', 'Dr', 'Pauline ', 'Olwande', 'Delegate', 'Kenya'),
(40, 'KCC13448-35475-106', 'Dr', 'Abigail  Wambui', 'Chakava', 'Delegate', 'Kenya'),
(41, 'KCC13448-35475-107', 'Dr', 'Victor ', 'Matata', 'Delegate', 'Kenya'),
(42, 'KCC13448-35475-108', 'Dr', 'Walter  ', 'Matunda', 'Delegate', 'Kenya'),
(43, 'KCC13448-35475-109', 'Dr', 'Joseph  Samah', 'Bangoura', 'Delegate', 'Cote d\'Ivoire'),
(44, 'KCC13448-35475-110', 'Dr', 'Peter ', 'Kishimbo', 'Delegate', 'Tanzania'),
(45, 'KCC13448-35475-111', 'Dr', 'Minga', 'Usege', 'Delegate', 'Tanzania'),
(46, 'KCC13448-35475-112', 'Dr', 'Sania  Martin', 'Kasyanju', 'Delegate', 'Tanzania'),
(47, 'KCC13448-35475-113', 'Dr', 'Christian ', 'Mbinje', 'Delegate', 'Tanzania'),
(48, 'KCC13448-35475-114', 'Dr', 'Reuben ', 'Mwakalobo', 'Delegate', 'Tanzania'),
(49, 'KCC13448-35475-115', 'Dr', 'Murad ', 'Mohamed', 'Delegate', 'Ethiopia'),
(50, 'KCC13448-35475-116', 'Dr', 'Hailu ', 'Beza', 'Delegate', 'Ethiopia'),
(51, 'KCC13448-35475-117', 'Dr', 'Yilma ', 'Bogale', 'Delegate', 'Ethiopia'),
(52, 'KCC13448-35475-118', 'Dr', 'Eyesusawit ', 'Shewangozaw ', 'Delegate', 'Ethiopia'),
(53, 'KCC13448-35475-119', 'Dr', 'Daniel', 'Kiggundu', 'Delegate', 'Uganda'),
(54, 'KCC13448-35475-120', 'Dr', 'Robert ', 'Kalyesubula', 'Delegate', 'Uganda'),
(55, 'KCC13448-35475-121', 'Dr', 'Agaba  ', 'Gideon', 'Delegate', 'Uganda'),
(56, 'KCC13448-35475-122', 'Dr', 'Peter  ', 'Lutaaya', 'Delegate', 'Uganda'),
(57, 'KCC13448-35475-123', 'Dr', 'Bernard ', 'Gituma', 'Delegate', 'Kenya'),
(58, 'KCC13448-35475-124', 'Dr', 'Cosmas ', 'Kimama', 'Delegate', 'Kenya'),
(59, 'KCC13448-35475-125', 'Dr', 'Saida ', 'Aboud', 'Delegate', 'Kenya'),
(60, 'KCC13448-35475-126', 'Dr', 'Mark Awiki', 'Chalopa', 'Delegate', 'Kenya'),
(61, 'KCC13448-35475-127', 'Dr', 'Hilda ', 'Nabiswa', 'Delegate', 'Kenya'),
(62, 'KCC13448-35475-128', 'Dr', 'Jules', 'Kabahizi', 'Delegate', 'Rwanda'),
(63, 'KCC13448-35475-129', 'Dr', 'Eric ', 'Rutaganda', 'Delegate', 'Rwanda'),
(64, 'KCC13448-35475-130', 'Dr', 'Anthony ', 'Bazatsinda', 'Delegate', 'Rwanda'),
(65, 'KCC13448-35475-131', 'Dr', 'Etienne ', 'Amendezo', 'Delegate', 'Rwanda'),
(66, 'KCC13448-35475-132', 'Dr', 'Nathan', 'Ruhamya', 'Delegate', 'Rwanda'),
(67, 'KCC13448-35475-133', 'Dr', 'Vincent ', 'Nsengimana', 'Delegate', 'Rwanda'),
(68, 'KCC13448-35475-134', 'Dr', 'Jean  Paul', 'Mizero', 'Delegate', 'Rwanda'),
(69, 'KCC13448-35475-135', 'Dr', 'Tommy ', 'Wusang', 'Delegate', 'Rwanda'),
(70, 'KCC13448-35475-136', 'Dr', 'Abel ', 'Kagame', 'Delegate', 'Rwanda'),
(71, 'KCC13448-35475-137', 'Dr', 'Vincent', 'Dusabejambo', 'Delegate', 'Rwanda'),
(72, 'KCC13448-35475-172', 'Dr', 'Catherine', 'Nyangabyaki', 'Delegate', 'Uganda'),
(73, 'KCC13448-35475-173', 'Dr', 'Anders', 'Dejgaard', 'Delegate', 'Denmark'),
(74, 'KCC13448-35475-174', 'Dr  ', 'Aidan', 'Banduka', 'Delegate', 'Tanzania'),
(75, 'KCC13448-35475-179', 'Dr', 'Anthony', 'Muyingo', 'Delegate', ''),
(76, 'KCC13448-35475-180', 'Dr', 'David Martin', 'Atuhe', 'Delegate', ''),
(77, 'KCC13448-35475-183', 'Dr', 'Apollo', 'Epuwatt', 'Delegate', 'Uganda'),
(78, 'KCC13448-35475-184', 'Dr', 'William', 'Omale', 'Delegate', 'Uganda'),
(79, 'KCC13448-35475-185', 'Dr', 'William', 'Lumu', 'Delegate', 'Uganda'),
(80, 'KCC13448-35475-186', 'Mr', 'Denis', 'Mubangizi', 'Delegate', 'Uganda'),
(81, 'KCC13448-35475-188', 'Mr', 'Novel', 'Mboya', 'Delegate', 'Kenya'),
(82, 'KCC13448-35475-189', 'Dr', 'Jemimah', 'Kamano', 'Delegate', 'Kenya'),
(83, 'KCC13448-35475-190', 'Dr', 'Nicola', 'Akech', 'Delegate', 'Kenya'),
(84, 'KCC13448-35475-191', 'Dr', 'Brenda', 'Kiiru', 'Delegate', 'Kenya'),
(85, 'KCC13448-35475-192', 'Dr', 'Eva', 'Wachira', 'Delegate', 'Kenya'),
(86, 'KCC13448-35475-193', 'Mr', 'Stephen', 'Wanyoike', 'Delegate', 'Kenya'),
(87, 'KCC13448-35475-194', 'Dr', 'Anne', 'Wairagu', 'Delegate', 'Kenya'),
(88, 'KCC13448-35475-195', 'Dr', 'Jacob', 'Shabani', 'Delegate', 'Kenya'),
(89, 'KCC13448-35475-196', 'Dr', ' David', 'Mbogo', 'Delegate', 'Kenya'),
(90, 'KCC13448-35475-197', 'Dr', 'Riro', 'Mwita', 'Delegate', 'Kenya'),
(91, 'KCC13448-35475-198', 'Dr', 'Jacqueline', 'Uwera', 'Delegate', 'Rwanda'),
(92, 'KCC13448-35475-199', 'Dr', 'Nkeshimana', 'Menelas', 'Delegate', 'Rwanda'),
(93, 'KCC13448-35475-200', 'Dr', 'Gloria', 'Mukeshimana', 'Delegate', 'Rwanda'),
(94, 'KCC13448-35475-201', 'Dr', 'Cyprien', 'Ntirenganya', 'Delegate', 'Rwanda'),
(95, 'KCC13448-35475-202', 'Dr', 'Vincent', 'Dusabejambo', 'Delegate', 'Rwanda'),
(96, 'KCC13448-35475-203', 'Dr', 'Constance', 'Mukabatsinda', 'Delegate', 'Rwanda'),
(97, 'KCC13448-35475-204', 'Dr', 'Olivier', 'Manzi', 'Delegate', 'Rwanda'),
(98, 'KCC13448-35475-205', 'Dr', 'Tony', 'Bazatsinda', 'Delegate', 'Rwanda'),
(99, 'KCC13448-35475-206', 'Dr', 'Beate ', 'Murekatete', 'Delegate', 'Rwanda'),
(100, 'KCC13448-35475-207', 'Dr', 'Theoneste', 'Nsabimana', 'Delegate', 'Rwanda'),
(101, 'KCC13448-35475-208', 'Dr', 'Benoit ', 'Seminega', 'Delegate', 'Rwanda'),
(102, 'KCC13448-35475-209', 'Dr', 'Francois', 'Ngabonziza', 'Delegate', 'Rwanda'),
(103, 'KCC13448-35475-210', 'Dr', 'Bernard', 'Wolfgang', 'Delegate', 'Rwanda'),
(104, 'KCC13448-35475-211', 'Dr', 'Baldwin ', 'Kileo', 'Delegate', 'Rwanda'),
(105, 'KCC13448-35475-212', 'Dr', 'Consolata ', 'Mbatina', 'Delegate', 'Rwanda'),
(106, 'KCC13448-35475-213', 'Dr', 'Fatuma ', 'Muhali', 'Delegate', 'Rwanda'),
(107, 'KCC13448-35475-214', 'Dr', 'Saleh ', 'Hamisi', 'Delegate', 'Rwanda'),
(108, 'KCC13448-35475-215', 'Dr', 'Farida', 'Mwatia', 'Delegate', 'Rwanda'),
(109, 'KCC13448-35475-217', 'Dr', 'Marcellin ', 'Musabende', 'Delegate', 'Rwanda'),
(110, 'KCC13448-35475-218', 'Dr', ' Adeline ', 'Mugeni', 'Delegate', 'Rwanda'),
(111, 'KCC13448-35475-219', 'Dr', 'Bihizimana ', 'Pascal', 'Delegate', 'Rwanda'),
(112, 'KCC13448-35475-220', 'Dr', ' Jean Claude', 'Habineza', 'Delegate', 'Rwanda'),
(113, 'KCC13448-35475-221', 'Dr', 'Regine ', 'Mugeni', 'Delegate', 'Rwanda'),
(114, 'KCC13448-35475-222', 'Dr  ', 'Leopold', 'Bitunguhari', 'Delegate', 'Rwanda'),
(115, 'KCC13448-35475-223', 'Dr', 'Sanyu ', 'Donah', 'Delegate', 'Rwanda'),
(116, 'KCC13448-35475-226', 'Dr', 'Andrew', 'Mmene', 'Delegate', 'Kenya'),
(117, 'KCC13448-35475-227', 'Dr', 'Faridha', 'Kamau', 'Delegate', 'Kenya'),
(118, 'KCC13448-35475-237', 'Dr.', 'Gabriel ', 'Muthuri', 'Delegate', ''),
(119, 'KCC13448-35475-238', 'Mr', 'Awelenje ', 'Olatunji', 'Delegate', ''),
(120, 'KCC13448-35475-239', 'Dr', 'Eric ', 'Ogutu', 'Delegate', 'Kenya'),
(121, 'KCC13448-35475-240', 'Dr', 'Laure ', 'Kamguia', 'SPEAKER', 'Cameroun'),
(122, 'KCC13448-35475-241', 'Dr  ', 'Florence', 'Masayisa', 'Delegate', 'Rwanda'),
(123, 'KCC13448-35475-242', 'Dr   ', 'Edson', 'Rwagasore', 'Delegate', 'Rwanda'),
(124, 'KCC13448-35475-243', 'Dr  ', 'Arsene', 'Hobabagabo', 'Delegate', 'Rwanda'),
(125, 'KCC13448-35475-013', 'Mr', 'Alphonse ', 'Nkusi', 'Delegate ', 'Rwanda'),
(126, 'KCC13448-35475-168', 'Mr.', 'Janvier ', 'Nsanzimana ', 'Exhibitor', 'Rwanda'),
(127, 'KCC13448-35475-169', 'Mr.', 'Emmanuel ', 'Bizimana', 'Exhibitor', 'Rwanda'),
(128, 'KCC13448-35475-170', 'Dr', 'Evelyn', 'Mwania', 'Exhibitor', ''),
(129, 'KCC13448-35475-171', 'Mr', 'Alfred', 'Wabulembo', 'Exhibitor', ''),
(130, 'KCC13448-35475-175', 'Dr', 'Amala  Jose', 'Leon', 'Exhibitor', ''),
(131, 'KCC13448-35475-176', 'Dr', 'Sheikh ', 'Hameed', 'Exhibitor', ''),
(132, 'KCC13448-35475-181', 'Ms', 'Njogu ', 'Wangu', 'Exhibitor', ''),
(133, 'KCC13448-35475-224', 'Ms', 'Phili ', 'Mushonga', 'Exhibitor', 'Rep SA'),
(134, 'KCC13448-35475-244', 'Mr', 'Abdelkhalek ', 'BOUKHANJER', 'Exhibitor', 'Morocco'),
(135, 'KCC13448-35475-225', 'Mr', 'Lungile ', 'Monaheng', 'Exhibitor ', 'Rep SA'),
(136, 'KCC13448-35475-002', 'Dr', 'Kaushik ', 'Ramaiya', 'Secretary EADSG', 'Tanzania'),
(137, 'KCC13448-35475-003', 'Prof', 'Swai', 'Andrew', 'Speaker', 'Tanzania'),
(138, 'KCC13448-35475-004', 'Prof', 'Otieno Christopher', 'Fredrick', 'Speaker', 'Kenya'),
(139, 'KCC13448-35475-005', 'Dr', 'Bavuma', 'Charlotte', 'Speaker', 'Rwanda'),
(140, 'KCC13448-35475-006', 'Dr', 'Karigire', 'Claudine', 'Speaker', 'Rwanda'),
(141, 'KCC13448-35475-007', 'Dr', 'Ali Mohamed', 'Gaman', 'Speaker', 'Kenya'),
(142, 'KCC13448-35475-008', 'Dr', 'Raymond', 'Mwebaze ', 'Speaker', 'Uganda'),
(143, 'KCC13448-35475-009', 'Dr', 'Atieno Jalang\'o', 'Grace', 'Speaker', 'Kenya'),
(144, 'KCC13448-35475-010', 'Prof', 'Sarita', 'Bajaji', 'Speaker', 'India'),
(145, 'KCC13448-35475-014', 'Prof', 'Ib ', 'Bybsberg', 'Speaker', ''),
(146, 'KCC13448-35475-015', 'Prof', 'Jean Claude', 'Mbanya', 'Speaker', 'Cameroun'),
(147, 'KCC13448-35475-016', 'Prof', 'Theonest ', 'Mutabingwa', 'Speaker', 'Tanzania'),
(148, 'KCC13448-35475-018', 'Prof', 'Peter ', 'Shwartz', 'Speaker', 'Germany'),
(149, 'KCC13448-35475-019', 'Dr', 'Kandi  ', 'Muze', 'Speaker', 'Rwanda'),
(150, 'KCC13448-35475-021', 'Dr', 'Warren', 'Lee', 'Speaker', 'Singapore'),
(151, 'KCC13448-35475-022', 'Dr', 'Kirtida', 'Acharya', 'Speaker', 'Kenya'),
(152, 'KCC13448-35475-024', 'Dr', 'Sanjay  ', 'Kalra', 'Speaker', 'India'),
(153, 'KCC13448-35475-025', 'Prof', 'Ayesha ', 'Motala', 'Speaker', 'Rep SA'),
(154, 'KCC13448-35475-026', 'Prof', 'Jaakko ', 'Tuomilehto', 'Speaker', 'Netherlands'),
(155, 'KCC13448-35475-027', 'Prof', 'Sudhirsen   ', 'Kowlessur', 'Speaker', 'Mauritius'),
(156, 'KCC13448-35475-029', 'Dr', 'Nasheeta ', 'Peer', 'Speaker', 'Rep SA'),
(157, 'KCC13448-35475-030', 'Mr', 'Gibson', ' Kagaruki', 'Speaker', 'Tanzania'),
(158, 'KCC13448-35475-031', 'Dr', 'Gilles  ', 'Ndayisaba', 'Speaker', 'Rwanda'),
(159, 'KCC13448-35475-032', 'Dr', 'Paul ', 'Park', 'Speaker', 'Rwanda'),
(160, 'KCC13448-35475-033', 'Dr', 'Simon Pierre', 'Niyonsenga', 'Speaker', 'Rwanda'),
(161, 'KCC13448-35475-034', 'Dr', 'Alphonse', 'Nkusi', 'Speaker', 'Rwanda'),
(162, 'KCC13448-35475-035', 'Prof', 'Eugene ', 'Sobngwi', 'Speaker', 'Cameroun'),
(163, 'KCC13448-35475-036', 'Dr', 'Joseph    ', 'Ntalindwa', 'Speaker', 'Rwanda'),
(164, 'KCC13448-35475-037', 'Dr', 'Chiku   ', '', 'Speaker', 'Rwanda'),
(165, 'KCC13448-35475-038', 'Prof', 'Naomi Cumpsty', 'Levitt', 'Speaker', 'Rwanda'),
(166, 'KCC13448-35475-039', 'Dr', 'Anthony ', 'Makhoba', 'Speaker', 'Uganda'),
(167, 'KCC13448-35475-040', 'Dr', 'Charles', 'Bieda', 'Speaker', 'Tanzania'),
(168, 'KCC13448-35475-041', 'Prof', 'Naby ', 'Balde', 'Speaker', ''),
(169, 'KCC13448-35475-043', 'Dr', 'Zulfikar', 'Abbas', 'Speaker', 'Tanzania'),
(170, 'KCC13448-35475-044', 'Ms', 'Eva   ', 'Muchemi', 'Speaker', 'Kenya'),
(171, 'KCC13448-35475-046', 'Dr', 'Pushkar ', 'Kumar', 'Speaker', 'India'),
(172, 'KCC13448-35475-047', 'Dr', 'Sandeep ', 'Bhalla', 'Speaker', 'India'),
(173, 'KCC13448-35475-048', 'Dr', 'Haresh  ', 'Chandwani', 'Speaker', 'India'),
(174, 'KCC13448-35475-051', 'Dr', 'Anne  Elizabeth', 'Sumner', 'Speaker', 'USA'),
(175, 'KCC13448-35475-067', 'Dr', 'Paul ', 'Ngugi', 'Speaker', 'Kenya'),
(176, 'KCC13448-35475-068', 'Dr', 'Nancy', 'Ngugi ', 'Speaker', 'Kenya'),
(177, 'KCC13448-35475-105', 'Dr  ', 'Ningala ', 'Kinyua', 'Speaker', 'Kenya'),
(178, 'KCC13448-35475-182', 'Dr', 'Kimberley', 'Graham', 'Speaker', ''),
(179, 'KCC13448-35475-187', 'Prof', 'Babatope', 'Kolawole', 'Speaker', 'Nigeria'),
(180, 'KCC13448-35475-235', 'Mr', 'George ', 'Kwayu', 'Speaker', 'Tanzania'),
(181, 'KCC13448-35475-236', 'Ms', 'Aniceth ', 'Muchunguzi ', 'Speaker', 'Tanzania'),
(182, 'KCC13448-35475-092', 'Dr', 'Alfred ', 'Natamba', 'Delegate', 'Uganda'),
(183, 'KCC13448-35475-177', '', 'Worchardt Sponsor', '', 'Delegate', ''),
(184, 'KCC13448-35475-178', '', 'Worchardt Sponsor', '', 'Delegate', ''),
(185, 'KCC13448-35475-072', '', 'Servier Kenya', 'List to follow', 'Delegate', 'Kenya'),
(186, 'KCC13448-35475-073', '', 'Servier Kenya', 'List to follow', 'Delegate', 'Kenya'),
(187, 'KCC13448-35475-074', '', 'Servier Kenya', 'List to follow', 'Delegate', 'Kenya'),
(188, 'KCC13448-35475-075', '', 'Servier Kenya', 'List to follow', 'Delegate', 'Kenya'),
(189, 'KCC13448-35475-076', '', 'Servier Kenya', 'List to follow', 'Delegate', 'Kenya'),
(190, 'KCC13448-35475-228', '', 'NORVATIS Kenya Sponsored ', 'Names to be sent', 'Delegate', 'Kenya'),
(191, 'KCC13448-35475-229', '', 'NORVATIS Kenya Sponsored ', 'Names to be sent', 'Delegate', 'Kenya'),
(192, 'KCC13448-35475-230', '', 'NORVATIS Kenya Sponsored ', 'Names to be sent', 'Delegate', 'Kenya'),
(193, 'KCC13448-35475-231', '', 'NORVATIS Kenya Sponsored ', 'Names to be sent', 'Delegate', 'Kenya'),
(194, 'KCC13448-35475-232', '', 'NORVATIS Kenya Sponsored ', 'Names to be sent', 'Delegate', 'Kenya'),
(195, 'KCC13448-35475-216', '', 'NORVATIS', 'Exhibitor ', 'Exhibitor', 'Rwanda'),
(196, 'KCC13448-35475-138', '', 'Rwanda District hospitals', 'Names to be sent', 'Delegate', 'Rwanda'),
(197, 'KCC13448-35475-139', '', 'Rwanda District hospitals', 'Names to be sent', 'Delegate', 'Rwanda'),
(198, 'KCC13448-35475-140', '', 'Rwanda District hospitals', 'Names to be sent', 'Delegate', 'Rwanda'),
(199, 'KCC13448-35475-141', '', 'Rwanda District hospitals', 'Names to be sent', 'Delegate', 'Rwanda'),
(200, 'KCC13448-35475-142', '', 'Rwanda District hospitals', 'Names to be sent', 'Delegate', 'Rwanda'),
(201, 'KCC13448-35475-143', '', 'Rwanda District hospitals', 'Names to be sent', 'Delegate', 'Rwanda'),
(202, 'KCC13448-35475-144', '', 'Rwanda District hospitals', 'Names to be sent', 'Delegate', 'Rwanda'),
(203, 'KCC13448-35475-145', '', 'Rwanda District hospitals', 'Names to be sent', 'Delegate', 'Rwanda'),
(204, 'KCC13448-35475-146', '', 'Rwanda District hospitals', 'Names to be sent', 'Delegate', 'Rwanda'),
(205, 'KCC13448-35475-147', '', 'Rwanda District hospitals', 'Names to be sent', 'Delegate', 'Rwanda'),
(206, 'KCC13448-35475-148', '', 'Rwanda District hospitals', 'Names to be sent', 'Delegate', 'Rwanda'),
(207, 'KCC13448-35475-149', '', 'Rwanda District hospitals', 'Names to be sent', 'Delegate', 'Rwanda'),
(208, 'KCC13448-35475-150', '', 'Rwanda District hospitals', 'Names to be sent', 'Delegate', 'Rwanda'),
(209, 'KCC13448-35475-151', '', 'Rwanda District hospitals', 'Names to be sent', 'Delegate', 'Rwanda'),
(210, 'KCC13448-35475-152', '', 'Rwanda District hospitals', 'Names to be sent', 'Delegate', 'Rwanda'),
(211, 'KCC13448-35475-153', '', 'Rwanda District hospitals', 'Names to be sent', 'Delegate', 'Rwanda'),
(212, 'KCC13448-35475-154', '', 'Rwanda District hospitals', 'Names to be sent', 'Delegate', 'Rwanda'),
(213, 'KCC13448-35475-155', '', 'Rwanda District hospitals', 'Names to be sent', 'Delegate', 'Rwanda'),
(214, 'KCC13448-35475-156', '', 'Rwanda District hospitals', 'Names to be sent', 'Delegate', 'Rwanda'),
(215, 'KCC13448-35475-157', '', 'Rwanda District hospitals', 'Names to be sent', 'Delegate', 'Rwanda'),
(216, 'KCC13448-35475-158', '', 'Rwanda District hospitals', 'Names to be sent', 'Delegate', 'Rwanda'),
(217, 'KCC13448-35475-159', '', 'Rwanda District hospitals', 'Names to be sent', 'Delegate', 'Rwanda'),
(218, 'KCC13448-35475-160', '', 'Rwanda District hospitals', 'Names to be sent', 'Delegate', 'Rwanda'),
(219, 'KCC13448-35475-161', '', 'Rwanda District hospitals', 'Names to be sent', 'Delegate', 'Rwanda'),
(220, 'KCC13448-35475-162', '', 'Rwanda District hospitals', 'Names to be sent', 'Delegate', 'Rwanda'),
(221, 'KCC13448-35475-163', '', 'Rwanda District hospitals', 'Names to be sent', 'Delegate', 'Rwanda'),
(222, 'KCC13448-35475-164', '', 'Rwanda District hospitals', 'Names to be sent', 'Delegate', 'Rwanda'),
(223, 'KCC13448-35475-165', '', 'Rwanda District hospitals', 'Names to be sent', 'Delegate', 'Rwanda'),
(224, 'KCC13448-35475-166', '', 'Rwanda District hospitals', 'Names to be sent', 'Delegate', 'Rwanda'),
(225, 'KCC13448-35475-167', '', 'Rwanda District hospitals', 'Names to be sent', 'Delegate', 'Rwanda'),
(226, 'KCC13448-35475-085', '', 'ACCESS to Care Rwanda', 'List to follow', 'Delegate', 'Rwanda'),
(227, 'KCC13448-35475-086', '', 'ACCESS to Care Tanzania', 'List to follow', 'Delegate', 'Tanzania'),
(228, 'KCC13448-35475-087', '', 'ACCESS to Care Tanzania', 'List to follow', 'Delegate', 'Tanzania'),
(229, 'KCC13448-35475-088', '', 'ACCESS to Care Ethiopia', 'List to follow', 'Delegate', 'Ethiopia'),
(230, 'KCC13448-35475-089', '', 'ACCESS to Care Ethiopia', 'List to follow', 'Delegate', 'Ethiopia'),
(231, 'KCC13448-35475-066', '', 'ACCESS to Care Rwanda', '', 'Delegate', 'Rwanda'),
(232, 'KCC13448-35475-078', 'Ms', 'Christella', 'SHIMWA MUCYO', 'EXHIBITOR', 'Rwanda servier'),
(233, 'KCC13448-35475-079', '', 'Bondy', 'NSHIMIYIMANA', 'EXHIBITOR', ' Servier Rwanda'),
(234, 'KCC13448-35475-080', 'Mr', 'Novel', 'MBOYA', 'Delegate', 'ServierRwanda'),
(235, 'KCC13448-35475-081', 'Mr', 'Stephen', 'MIRARA', 'Delegate', 'ServierRwanda'),
(236, 'KCC13448-35475-062', '', 'CDIC Kenya', '', 'Delegate', 'Kenya'),
(237, 'KCC13448-35475-063', '', 'CDIC Tanzania', '', 'Delegate', 'Tanzania'),
(238, 'not define', 'Mr', 'Anabelle', ' Kayirangwa', 'Delegate', 'Kibagabaga DH'),
(239, 'not define', 'Mr', 'Munyengabe', 'Marc', 'Delegate', 'Ruhango PH'),
(240, 'not define', 'Mr', 'J.Bosco', 'Bangamwabo', 'Delegate', 'Kibuye RH'),
(241, 'not define', 'Mr', 'Ntaganda', 'Evariste', 'Delegate', 'RBC'),
(242, 'not define', 'Mr', 'Ruterana', 'George', 'Delegate', 'RCS'),
(243, 'not define', 'Mr', 'Turate', 'Innocent', 'Delegate', 'RBC'),
(244, 'not define', 'Mr', 'Munyarugo', 'Antoine', 'Delegate', 'RBC'),
(245, 'not define', 'Mr', 'Ingabire', 'Etienne', 'Delegate', 'RDA'),
(246, 'not define', 'Mr', 'Mucumbitsi', 'Joseph', 'Delegate', 'RNCDA'),
(247, 'not define', 'Mr', 'Rugamba', 'Gilbert', 'Delegate', 'KFH'),
(248, 'not define', 'Mr', 'Muvunyi', 'Zuberi', 'Delegate', 'MOH'),
(249, 'not define', 'Mr', 'Jaribu', 'Theogene', 'Delegate', 'Remera Rukoma DH'),
(250, 'not define', 'Mr', 'TWIZEYIMANA', 'Jean de Dieu', 'Delegate', 'Byumba DH'),
(251, 'not define', 'Mr', 'KANYANKORE', 'William', 'Delegate', 'Gisenyi DH'),
(252, 'not define', 'Mr', 'NGIRUWONSANGA', 'Pascal', 'Delegate', 'Nyanza DH'),
(253, 'not define', 'Mr', 'RUKEMBA', 'Zacharie', 'Delegate', 'Gitwe DH'),
(254, 'not define', 'Mr', 'Etienne', 'Ntabanganyimana', 'Delegate', 'Gihundwe DH'),
(255, 'not define', 'Mr', 'RUBANZABIGWI', 'Theoneste', 'Delegate', 'Shyira DH'),
(256, 'not define', 'Ms', 'Aisha', 'Uwamahoro', 'Delegate', 'RMH'),
(257, 'not define', 'Mr', 'Alfred', 'RUTAGENGWA', 'Delegate', 'Nyamata DH'),
(258, 'not define', 'Mr', 'NAMANYA', 'William', 'Delegate', 'Kibungo RH'),
(259, 'not define', 'Ms', 'Diane', 'Mukasahaha', 'Delegate', 'RBC'),
(260, 'not define', 'Mr', 'Muhire', 'Philbert', 'Delegate', 'Rwamagana DH'),
(261, 'not define', 'Mr', ' SETH', 'BUTERA', 'Oganizer', 'RCB'),
(262, 'not define', 'Mr', 'VALENCE', 'GITERA', 'Oganizer', 'RCB'),
(263, 'not define', 'Ms', ' ARIANE', 'KAREGIRE', 'Oganizer', 'RCB'),
(264, 'not define', 'Ms', ' EJIDIA', 'DUSABE', 'Oganizer', 'RCB'),
(265, 'not define', 'Ms', ' MAGNIFIQUE', 'KARAKE KANEZA', 'Oganizer', 'RCB'),
(266, 'not define', 'Mr', ' LANDRY', 'JABO', 'Oganizer', 'RCB'),
(267, 'not define', 'Ms', 'JOCELYNE', 'MUVUNA', 'Oganizer', 'RCB'),
(268, 'not define', 'Ms', 'ODETTE', 'INGABIRE', 'Oganizer', 'RCB'),
(269, 'not define', 'Ms', 'MUGISHA', 'JOANA', 'Oganizer', 'RCB'),
(270, 'not define', 'Ms', 'MURENGA', 'BERNADETTE', 'Oganizer', 'RCB'),
(271, 'not define', 'Mr', 'Seth', 'Butera', 'Organizer', 'not define'),
(272, 'not define', 'Mr', 'Valence', 'Gitera', 'Organizer', 'not define'),
(273, 'not define', 'Ms', 'Ariane', 'Karegire', 'Organizer', 'not define'),
(274, 'not define', 'Ms', 'Ejidia', 'Dusabe', 'Organizer', 'not define'),
(275, 'not define', 'Ms', 'Magnifique', 'Karake keneza', 'Organizer', 'not define'),
(276, 'not define', 'Mr', 'Landry', 'Jabo', 'Organizer', 'not define'),
(277, 'not define', 'Ms', 'Jocelyne', 'Muvuna', 'Organizer', 'not define'),
(278, 'not define', 'Ms', 'Odette', 'Ingabire', 'Organizer', 'not define'),
(279, 'not define', 'Ms', 'Mugisha', 'Joana', 'Organizer', 'not define'),
(280, 'not define', 'Ms', 'Murenga', 'Bernadette', 'Organizer', 'not define'),
(281, 'TCL-PT0001', 'Ms', 'Kayonde', 'Cynthia ', 'Protocol ', 'TCL'),
(282, 'KCC13448-35475-245', 'Dr', 'Mediatrice ', 'Uwineza', 'Delegate', ''),
(283, 'KCC13448-35475-246', 'Dr', 'Symaque ', 'Dusabeyezu', 'Delegate', ''),
(284, 'TCL-OG0005', 'Ms', 'Hadiya', 'Mulangwa ', 'Organizer ', 'TCL'),
(285, 'KCC13448-35475-247', 'Dr', 'Gedeon ', 'Ngoga', 'Delegate', ''),
(286, 'TCL-PT0002', 'Ms', 'RUTAGENGWA', 'Diane', 'Protocol ', 'TCL'),
(287, 'TCL-PT0003', 'Ms', 'Uwase ', 'Elsie', 'Protocol ', 'TCL'),
(288, 'KCC13448-35475-248', 'Dr', 'Loise ', 'MWIHAKI', 'Delegate', ''),
(289, 'TCL-PT0004', 'Ms', 'Muzirankoni', 'Florence', 'Protocol ', 'TCL'),
(290, 'TCL-PT0005', 'Mr', 'Niyogakiza ', 'Bruce', 'Protocol ', 'TCL'),
(291, 'KCC13448-35475-249', 'Dr', 'Francis ', 'Mutabazi', 'Delegate', ''),
(292, 'TCL-PT0006', 'Mr', 'Rutsindintwarane', 'Brave', 'Protocol ', 'TCL'),
(293, 'KCC13448-35475-250', 'Dr', 'Cyprien ', 'Gahamanyi', 'Delegate', ''),
(294, 'TCL-PT0007', 'Mr', 'Sebahungu', 'Romeo', 'Protocol ', 'TCL'),
(295, 'TCL-PT0008', 'Mr', 'Elvis', 'Kananura', 'Protocol ', 'TCL'),
(296, 'TCL-PT0009', 'Ms', 'Muvuna ', 'Ketsia', 'Protocol ', 'TCL'),
(297, 'TCL-PT0010', 'Mr', 'Mugisha', 'Brian', 'Protocol ', 'TCL'),
(298, 'TCL-PT0011', 'Ms', 'Ingabire', 'Diana', 'Protocol ', 'TCL'),
(299, 'TCL-PT0012', 'Mr', 'SHEMA', 'Arnold ', 'P', 'TCL'),
(300, 'TCL-PT0013', 'Ms', 'Keza', 'Celia', 'Protocol ', 'TCL'),
(301, 'TCL-PT0014', 'Ms', 'Uwamahoro ', 'Aline', 'Protocol ', 'TCL'),
(302, 'TCL-OG0006', 'Mr', 'Augustin', 'Mugiraneza', 'Organizer ', 'TCL'),
(303, 'XH123', 'Mr ', 'MOHAMED', 'HABIMANA', 'ORGANIZER', ''),
(304, 'TCL-SP0001', 'Mr ', 'Germain', 'Mazimpaka ', 'Support Stuff ', 'TCL'),
(305, 'KCC13448-35475-260', 'DR', 'Aline', 'UMUBYEYI', 'DELEGATE', 'UNIVERSITY OF RWANDA'),
(306, 'KCC13448-35475-261', 'DR', 'David k', 'TUMUSIME', 'DELEGATE', 'UNIVERSITY OF RWANDA'),
(307, 'KCC13448-35475-262', 'DR', 'Immaculate', 'KAMBUTSE', 'DELEGATE', 'KFH'),
(308, 'KCC13448-35475-263', 'Mrs', 'Clarisse', 'MUSANABAGANWA', 'DELEGATE', 'RBC'),
(309, 'KCC13448-35475-264', 'DR', 'Aloys', 'TUYIZEYE', 'DELEGATE', 'CHUB'),
(310, 'KCC13448-35475-265', 'DR', 'Hovaire', 'NSABIMANA', 'DELEGATE', 'CHUB'),
(311, 'KCC13448-35475-266', 'DR', 'Theophile', 'DUSHIME', 'DELEGATE', 'MOH'),
(312, 'EXH12349', 'MR', 'JULIEN', 'CYUSA', 'SUPPORT STAFF', ''),
(313, 'KCC13448-35475-266', 'DR', 'Rosemary', 'J.M OKOVA', 'DELEGATE', 'SELF'),
(314, 'KCC56', 'MR', 'NDICUNGUYE ', 'F. XAVIER', 'SUPPORT STAFF', ''),
(315, 'EXH12349', 'MR', 'CRISPIN', 'GISHOMA', 'ORGANIZER', ''),
(316, 'KCC13448-35475-267', 'DR', 'ANIL ', 'KAPUR', 'SPEAKER', 'EADSG'),
(317, 'KCC13448-35475-268', 'MR ', 'FABRICE', 'SHEMA NGOGA', 'DELEGATE', 'SELF'),
(318, 'KCC13448-35475-269', 'MR', 'ERIC', 'JE', 'DELEGATE', 'SELF'),
(319, 'EXH123490', 'MR', 'GAKWERERE', 'JUSTUS', 'PROTOCOL', 'TCL'),
(320, 'KCC13448-35475-270', 'MR', 'dermot', 'liddy', 'GUEST', 'SELF'),
(321, 'KCC13448-35475-271', 'MRS', 'SOLINE', 'MUGENI', 'DELEGATE', 'SELF'),
(322, 'KCC13448-35475-272', 'Mrs', 'Domitila', 'BRUNO MJENI', 'DELEGATE', 'SELF'),
(323, 'KCC13448-35475-272', 'MR', 'Manasseh', 'GIHANA WANDERA', 'DELEGATE', 'SFH'),
(324, 'KCC13448-35475-273', 'Dr ', 'Anne E.', 'Sumner', 'Speaker ', 'NIH-USA'),
(325, 'KCC13448-35475-274', 'Mr', 'Rusatsi', 'Laurent', 'EXHIBITOR', 'MICHIELS'),
(326, 'KCC13448-35475-275', 'Mr', 'Tison ', 'Eric', 'EXHIBITOR', 'MICHIELS'),
(327, 'KCC13448-35475-276', 'Mr', 'Costabel ', 'Pierre', 'EXHIBITOR', 'MICHIELS'),
(328, 'KCC13448-35475-278', 'Mr', 'NIYIBIZI', 'Louis-Marie', 'EXHIBITOR', 'Novartis'),
(329, 'KCC13448-35475-079', 'Mr', 'Kundwa ', 'Celine ', 'EXHIBITOR', 'Novartis'),
(330, 'KCC13448-35475-290', 'MRS', 'KIRZA', 'KRISTENSEN', 'DELEGATE', 'Word Diabete Foundation'),
(331, 'KCC13448-35475-080', 'Dr', 'Tharcisse', 'KABALISA', 'DELEGATE', 'KADUHA HOSPITAL '),
(332, 'KCC13448-35475-792', 'MS', 'EMMANUELLE', 'NJANKOU', 'EXHIBITOR', 'PAMJ'),
(333, 'KCC13448-35475-293', 'MS', 'GRACE', 'MUNGAI', 'EXHIBITOR', 'PAMJ'),
(334, 'KCC13448-35475-082', 'Mr', 'Periera', 'NIKUIL', 'DELEGATE', 'EADS'),
(335, 'KCC13448-35475-297', 'MS', 'CYNTHIA', 'GISHINGA', 'EXHIBITOR', 'RDA'),
(336, 'KCC-13448-35475-184', 'Mrs', 'Claudine Balahali', 'KABEZA', 'Delegate ', 'CMHS'),
(337, 'KCC-13448-35475-185', 'Mrs ', 'Dorothy ', 'Mclarty', 'Delegate ', 'Tz'),
(338, 'KCC13448-35475-284', 'MS', 'Ayan', 'MUSA AHMED', 'EXHIBITOR', 'RDA'),
(339, 'KCC-13448-35475-186', 'Mr', 'Bent Lautrup', 'Nielsen', 'Delegate ', 'WDF'),
(340, 'KCC13448-35475-285', 'MS', 'George ', 'ROSHINI', 'SPEAKER', 'NOVO NORDISK'),
(341, 'KCC13448-35475-286', 'DR', 'Florence', 'NTHENYA KARIITHI', 'DELEGATE', 'NOVARTIS'),
(342, 'KCC13448-35475-287', 'DR', 'Joseph', 'RUDASINGWA GATEGE', 'DELEGATE', 'NOVARTIS'),
(343, 'KCC13448-35475-288', 'DR', 'Sairabanu', 'MOHAMEDRASHID SOKWALA', 'DELEGATE', 'NOVARTIS'),
(344, 'KCC13448-35475-289', 'DR', 'Samuel', 'MUARA MUCHERU', 'DELEGATE', 'NOVARTIS'),
(345, 'KCC13448-35475-290', 'DR', 'Jacqueline Leah', 'AWITI ADHIAMBO', 'DELEGATE', 'NOVARTIS'),
(346, 'KCC13448-35475-300', 'DR', 'Doreen', 'AKINYI ASIMBA', 'DELEGATE', 'NOVARTIS'),
(347, 'KCC13448-35475-240', 'DR', 'George ', 'MUEMA MUIA', 'DELEGATE', 'NOVARTIS'),
(348, 'KCC-13448-35475-184', 'Mr', 'Ngoga', 'Gedeon', 'Delegate ', 'PIH'),
(349, 'KCC13448-35475-269', 'DR', 'Eleazer', 'KAGURI', 'DELEGATE', 'NOVARTIS'),
(350, 'KCC-13448-35475-185', 'Mr', 'Symaque', 'Dusabeyezu', 'Delegate ', 'PIH'),
(351, 'KCC-13448-35475-186', 'Mr', 'Loise', 'Nganga', 'Delegate ', 'PIH'),
(352, 'KCC13448-35475-301', 'MR', 'Deric', 'NKIMBENG FORMBUH', 'SPEAKER', 'NOVO NORDISK'),
(353, 'KCC-13448-35475-187', 'Mr', 'Cyprien', 'Gahamanyi', 'Delegate ', 'PIH'),
(354, 'KCC-13448-35475-188', 'Mr', 'Epimaque', 'Hakizimana', 'Delegate ', 'PIH'),
(355, '', 'Dr', 'Marcel', 'Uwizeye', 'Delegate ', ''),
(356, 'KCC13448-35475-302', 'DR', 'Jalab', 'JANMOHMED ASHRAPH', 'DELEGATE', 'NOVARTIS'),
(357, 'KCC13448-35475-302', 'DR', 'Martin', 'KARIUKI MUHORO', 'DELEGATE', 'NOVARTIS'),
(358, 'kCC-13448-35475-084', 'Mrs', 'Dorothy', 'Mclarty', 'Delegate ', ''),
(359, 'KCC13448-35475-303', 'DR', 'Helen', 'YIFTER BITEW', 'DELEGATE', 'NOVARTIS'),
(360, 'KCC-13448-35475-182', 'Mrs', 'Phili', 'Mushonga', 'Delegate ', ''),
(361, 'KCC-13448-35475-189', 'Mr', 'Siemens', 'Heathineers', 'Delegate ', ''),
(362, 'KCC13448-35475-304', 'DR', 'Moges', 'KEBEBEW MOTUMA', 'DELEGATE', 'NOVARTIS'),
(363, '', 'Dr', 'Donah', 'Sanyu', 'Delegate ', ''),
(364, 'KCC13448-35475-298', 'DR', 'Brath', 'HELMUT', 'DELEGATE', 'NOVARTIS'),
(365, 'KCC13448-35475-291', 'DR', 'Netsanet', 'FANUEL WOLDEAN', 'DELEGATE', 'NOVARTIS'),
(366, 'KCC13448-35475-290', 'DR', 'Ahmed', 'MOHAMED ABDILAHI', 'DELEGATE', 'NOVARTIS'),
(367, '', 'Dr', 'Anthony', 'Bazatsinda', 'Delegate', 'RMH'),
(368, 'KCC13448-35475-305', 'MR', 'Mewael', 'AREFANYE', 'DELEGATE', 'NOVARTIS'),
(369, 'KCC13448-35475-302', 'MS', 'Colombe Marie', 'MUNEZERO', 'DELEGATE', 'NOVARTIS'),
(370, '', 'Dr', 'George', 'Muia', 'Delegate ', 'NOVARTIS'),
(371, '', 'DR', 'Kamali', 'Placide', 'Delegate ', ''),
(372, '', 'dr', 'Rutaganda', 'Eric', 'Delegate ', ''),
(373, '', 'Dr', 'Samuel', 'Mucheru', 'Delegate ', ''),
(374, '', 'Mr', 'Jalab', 'Ashraph', '', 'NOVARTIS'),
(375, '', 'Dr', 'Woldeab', 'Netsanet Fanuel', 'Delegate ', 'NOVARTIS'),
(376, 'KCC13448-35475-303', 'Dr', 'Helen Yister', 'Bitew', 'Delegate ', 'NOVARTIS'),
(377, '', 'Dr', 'Moses', 'Kesesen', 'Delegate ', 'NOVARTIS'),
(378, '', 'Prof', 'Jeanine', 'Condo ', 'Delegate ', 'RBC'),
(379, '', 'Mrs ', 'BigirimIna', 'Noella', 'Delegate ', 'RBC'),
(380, '', 'Mrs ', 'Gakuba', 'Coryse', 'Delegate ', 'RBC'),
(381, '', 'Mr.', 'Jame', 'Konzola', 'Exhibitor', 'Roche Kenya Ltd '),
(382, '', 'Dr', 'Agneau Yuma', 'Kabwa', 'Delegate ', 'Masaka District Hospital'),
(383, 'K100', 'MRS', 'ELIANE', 'NDERERIMANA', 'DELEGATE', 'The Fred Hollows');

-- --------------------------------------------------------

--
-- Table structure for table `userattendance`
--

CREATE TABLE `userattendance` (
  `id` int(11) NOT NULL,
  `id_session` int(11) NOT NULL,
  `id_user` int(11) NOT NULL,
  `date_time` varchar(255) NOT NULL
) ENGINE=InnoDB DEFAULT CHARSET=latin1;

--
-- Dumping data for table `userattendance`
--

INSERT INTO `userattendance` (`id`, `id_session`, `id_user`, `date_time`) VALUES
(21, 1, 134, 'March 08 2018'),
(22, 1, 134, 'March 08 2018'),
(23, 1, 40, 'March 08 2018'),
(24, 1, 40, 'March 08 2018'),
(25, 1, 0, 'March 08 2018'),
(26, 1, 0, 'March 08 2018'),
(27, 1, 2, 'March 08 2018'),
(28, 1, 2, 'March 08 2018'),
(29, 1, 134, 'March 08 2018'),
(30, 1, 134, 'March 08 2018'),
(31, 1, 134, 'March 08 2018'),
(32, 1, 40, 'March 08 2018'),
(33, 1, 16, 'March 08 2018'),
(34, 1, 239, 'March 09 2018'),
(35, 1, 134, 'March 09 2018'),
(36, 1, 282, 'March 09 2018'),
(37, 1, 238, 'March 10 2018'),
(38, 1, 0, 'March 10 2018'),
(39, 1, 29, 'March 10 2018'),
(40, 1, 21, 'March 10 2018'),
(41, 1, 170, 'March 10 2018'),
(42, 1, 297, 'March 10 2018'),
(43, 1, 296, 'March 10 2018'),
(44, 1, 294, 'March 10 2018'),
(45, 1, 300, 'March 10 2018'),
(46, 1, 286, 'March 10 2018'),
(47, 1, 281, 'March 10 2018'),
(48, 1, 313, 'March 10 2018'),
(49, 1, 20, 'March 10 2018'),
(50, 1, 33, 'March 10 2018'),
(51, 1, 316, 'March 10 2018'),
(52, 1, 142, 'March 10 2018'),
(53, 1, 168, 'March 10 2018'),
(54, 1, 263, 'March 10 2018'),
(55, 1, 256, 'March 10 2018'),
(56, 1, 92, 'March 10 2018'),
(57, 1, 254, 'March 10 2018'),
(58, 1, 317, 'March 10 2018'),
(59, 1, 318, 'March 10 2018'),
(60, 1, 40, 'March 10 2018'),
(61, 1, 97, 'March 10 2018'),
(62, 1, 134, 'March 11 2018'),
(63, 1, 249, 'March 11 2018'),
(64, 1, 163, 'March 11 2018'),
(65, 1, 247, 'March 11 2018'),
(66, 1, 248, 'March 11 2018'),
(67, 1, 130, 'March 11 2018'),
(68, 1, 131, 'March 11 2018'),
(69, 1, 252, 'March 11 2018'),
(70, 1, 100, 'March 11 2018'),
(71, 1, 100, 'March 11 2018'),
(72, 1, 235, 'March 11 2018'),
(73, 1, 162, 'March 11 2018'),
(74, 1, 146, 'March 11 2018'),
(75, 1, 10, 'March 11 2018'),
(76, 1, 262, 'March 11 2018'),
(77, 1, 113, 'March 11 2018'),
(78, 1, 174, 'March 11 2018'),
(79, 1, 251, 'March 11 2018'),
(80, 1, 7, 'March 11 2018'),
(81, 1, 267, 'March 11 2018'),
(82, 1, 265, 'March 11 2018'),
(83, 1, 303, 'March 11 2018'),
(84, 1, 303, 'March 11 2018'),
(85, 1, 144, 'March 11 2018'),
(86, 1, 16, 'March 11 2018'),
(87, 1, 167, 'March 11 2018'),
(88, 1, 50, 'March 11 2018'),
(89, 1, 147, 'March 11 2018'),
(90, 1, 52, 'March 11 2018'),
(91, 1, 49, 'March 11 2018'),
(92, 1, 72, 'March 11 2018'),
(93, 1, 51, 'March 11 2018'),
(94, 1, 15, 'March 11 2018'),
(95, 1, 12, 'March 11 2018'),
(96, 1, 12, 'March 11 2018'),
(97, 1, 4, 'March 11 2018'),
(98, 1, 4, 'March 11 2018'),
(99, 1, 48, 'March 11 2018'),
(100, 1, 78, 'March 11 2018'),
(101, 1, 78, 'March 11 2018'),
(102, 1, 157, 'March 11 2018'),
(103, 1, 34, 'March 11 2018'),
(104, 1, 110, 'March 11 2018'),
(105, 1, 60, 'March 11 2018'),
(106, 1, 9, 'March 11 2018'),
(107, 1, 86, 'March 11 2018'),
(108, 1, 109, 'March 11 2018'),
(109, 1, 109, 'March 11 2018'),
(110, 1, 141, 'March 11 2018'),
(111, 1, 77, 'March 11 2018'),
(112, 1, 77, 'March 11 2018'),
(113, 1, 79, 'March 11 2018'),
(114, 1, 86, 'March 11 2018'),
(115, 1, 140, 'March 11 2018'),
(116, 1, 41, 'March 11 2018'),
(117, 1, 18, 'March 11 2018'),
(118, 1, 18, 'March 11 2018'),
(119, 1, 91, 'March 11 2018'),
(120, 1, 39, 'March 11 2018'),
(121, 1, 169, 'March 11 2018'),
(122, 1, 169, 'March 11 2018'),
(123, 1, 178, 'March 11 2018'),
(124, 1, 13, 'March 11 2018'),
(125, 1, 152, 'March 11 2018'),
(126, 1, 53, 'March 11 2018'),
(127, 1, 26, 'March 11 2018'),
(128, 1, 26, 'March 11 2018'),
(129, 1, 55, 'March 11 2018'),
(130, 1, 56, 'March 11 2018'),
(131, 1, 56, 'March 11 2018'),
(132, 1, 24, 'March 11 2018'),
(133, 1, 54, 'March 11 2018'),
(134, 1, 54, 'March 11 2018'),
(135, 1, 28, 'March 11 2018'),
(136, 1, 28, 'March 11 2018'),
(137, 1, 46, 'March 11 2018'),
(138, 1, 46, 'March 11 2018'),
(139, 1, 23, 'March 11 2018'),
(140, 1, 23, 'March 11 2018'),
(141, 1, 105, 'March 11 2018'),
(142, 1, 80, 'March 11 2018'),
(143, 1, 17, 'March 11 2018'),
(144, 1, 59, 'March 11 2018'),
(145, 1, 106, 'March 11 2018'),
(146, 1, 245, 'March 11 2018'),
(147, 1, 11, 'March 11 2018'),
(148, 1, 61, 'March 11 2018'),
(149, 1, 104, 'March 11 2018'),
(150, 1, 58, 'March 11 2018'),
(151, 1, 80, 'March 11 2018'),
(152, 1, 129, 'March 11 2018'),
(153, 1, 103, 'March 11 2018'),
(154, 1, 160, 'March 11 2018'),
(155, 1, 160, 'March 11 2018'),
(156, 1, 139, 'March 11 2018'),
(157, 1, 309, 'March 11 2018'),
(158, 1, 257, 'March 11 2018'),
(159, 1, 38, 'March 11 2018'),
(160, 1, 19, 'March 11 2018'),
(161, 1, 153, 'March 11 2018'),
(162, 1, 154, 'March 11 2018'),
(163, 1, 160, 'March 11 2018'),
(164, 1, 123, 'March 11 2018'),
(165, 1, 244, 'March 11 2018'),
(166, 1, 241, 'March 11 2018'),
(167, 1, 42, 'March 11 2018'),
(168, 1, 158, 'March 11 2018'),
(169, 1, 329, 'March 11 2018'),
(170, 1, 259, 'March 11 2018'),
(171, 1, 261, 'March 11 2018'),
(172, 1, 253, 'March 11 2018'),
(173, 1, 132, 'March 11 2018'),
(174, 1, 121, 'March 11 2018'),
(175, 1, 234, 'March 11 2018'),
(176, 1, 233, 'March 11 2018'),
(177, 1, 332, 'March 11 2018'),
(178, 1, 124, 'March 11 2018'),
(179, 1, 259, 'March 11 2018'),
(180, 1, 333, 'March 11 2018'),
(181, 1, 43, 'March 11 2018'),
(182, 1, 0, 'March 11 2018'),
(183, 1, 331, 'March 11 2018'),
(184, 1, 0, 'March 11 2018'),
(185, 1, 0, 'March 11 2018'),
(186, 1, 251, 'March 11 2018'),
(187, 1, 238, 'March 11 2018'),
(188, 1, 251, 'March 11 2018'),
(189, 1, 37, 'March 11 2018'),
(190, 1, 178, 'March 11 2018'),
(191, 1, 46, 'March 11 2018'),
(192, 1, 334, 'March 11 2018'),
(193, 1, 162, 'March 11 2018'),
(194, 1, 162, 'March 11 2018'),
(195, 1, 334, 'March 11 2018'),
(196, 1, 334, 'March 11 2018'),
(197, 1, 311, 'March 11 2018'),
(198, 2, 311, 'March 12 2018'),
(199, 2, 159, 'March 12 2018'),
(200, 2, 122, 'March 12 2018'),
(201, 2, 156, 'March 12 2018'),
(202, 2, 75, 'March 12 2018'),
(203, 2, 159, 'March 12 2018'),
(204, 2, 32, 'March 12 2018'),
(205, 2, 32, 'March 12 2018'),
(206, 2, 116, 'March 12 2018'),
(207, 2, 82, 'March 12 2018'),
(208, 2, 84, 'March 12 2018'),
(209, 2, 87, 'March 12 2018'),
(210, 2, 83, 'March 12 2018'),
(211, 2, 90, 'March 12 2018'),
(212, 2, 85, 'March 12 2018'),
(213, 2, 88, 'March 12 2018'),
(214, 2, 70, 'March 12 2018'),
(215, 2, 114, 'March 12 2018'),
(216, 2, 255, 'March 12 2018'),
(217, 2, 96, 'March 12 2018'),
(218, 2, 175, 'March 12 2018'),
(219, 2, 5, 'March 12 2018'),
(220, 2, 282, 'March 12 2018'),
(221, 2, 115, 'March 12 2018'),
(222, 2, 310, 'March 12 2018'),
(223, 2, 291, 'March 12 2018'),
(224, 2, 64, 'March 12 2018'),
(225, 2, 336, 'March 12 2018'),
(226, 2, 119, 'March 12 2018'),
(227, 2, 150, 'March 12 2018'),
(228, 2, 63, 'March 12 2018'),
(229, 2, 76, 'March 12 2018'),
(230, 2, 63, 'March 12 2018'),
(231, 2, 76, 'March 12 2018'),
(232, 2, 112, 'March 12 2018'),
(233, 2, 327, 'March 12 2018'),
(234, 2, 336, 'March 12 2018'),
(235, 2, 127, 'March 12 2018'),
(236, 2, 337, 'March 12 2018'),
(237, 2, 337, 'March 12 2018'),
(238, 2, 340, 'March 12 2018'),
(239, 2, 305, 'March 12 2018'),
(240, 2, 8, 'March 12 2018'),
(241, 2, 73, 'March 12 2018'),
(242, 2, 108, 'March 12 2018'),
(243, 2, 232, 'March 12 2018'),
(244, 2, 338, 'March 12 2018'),
(245, 2, 338, 'March 12 2018'),
(246, 2, 338, 'March 12 2018'),
(247, 2, 126, 'March 12 2018'),
(248, 2, 250, 'March 12 2018'),
(249, 2, 99, 'March 12 2018'),
(250, 2, 352, 'March 12 2018'),
(251, 2, 338, 'March 12 2018'),
(252, 2, 99, 'March 12 2018'),
(253, 2, 243, 'March 12 2018'),
(254, 2, 376, 'March 12 2018'),
(255, 2, 339, 'March 12 2018'),
(256, 2, 369, 'March 12 2018'),
(257, 2, 366, 'March 12 2018'),
(258, 2, 369, 'March 12 2018'),
(259, 2, 364, 'March 12 2018'),
(260, 2, 368, 'March 12 2018'),
(261, 2, 342, 'March 12 2018'),
(262, 2, 291, 'March 12 2018'),
(263, 2, 349, 'March 12 2018'),
(264, 2, 357, 'March 12 2018'),
(265, 2, 356, 'March 12 2018'),
(266, 2, 344, 'March 12 2018'),
(267, 2, 343, 'March 12 2018'),
(268, 2, 341, 'March 12 2018'),
(269, 2, 345, 'March 12 2018'),
(270, 2, 347, 'March 12 2018'),
(271, 2, 258, 'March 12 2018'),
(272, 2, 346, 'March 12 2018'),
(273, 2, 365, 'March 12 2018'),
(274, 2, 346, 'March 12 2018'),
(275, 2, 285, 'March 12 2018'),
(276, 2, 354, 'March 12 2018'),
(277, 2, 353, 'March 12 2018'),
(278, 2, 351, 'March 12 2018'),
(279, 2, 350, 'March 12 2018'),
(280, 2, 327, 'March 12 2018'),
(281, 2, 360, 'March 12 2018'),
(282, 2, 243, 'March 12 2018'),
(283, 2, 36, 'March 12 2018'),
(284, 2, 258, 'March 12 2018'),
(285, 2, 371, 'March 12 2018'),
(286, 2, 326, 'March 12 2018'),
(287, 2, 381, 'March 12 2018'),
(288, 2, 378, 'March 12 2018'),
(289, 2, 352, 'March 12 2018'),
(290, 2, 380, 'March 12 2018'),
(291, 2, 379, 'March 12 2018'),
(292, 2, 378, 'March 12 2018'),
(293, 2, 382, 'March 12 2018'),
(294, 2, 36, 'March 12 2018'),
(295, 2, 151, 'March 12 2018'),
(296, 2, 151, 'March 12 2018'),
(297, 2, 95, 'March 12 2018'),
(298, 2, 95, 'March 12 2018'),
(299, 2, 246, 'March 12 2018'),
(300, 2, 102, 'March 12 2018'),
(301, 2, 102, 'March 12 2018'),
(302, 2, 354, 'March 12 2018'),
(303, 2, 354, 'March 12 2018'),
(304, 2, 118, 'March 12 2018'),
(305, 3, 381, 'March 13 2018'),
(306, 3, 381, 'March 13 2018'),
(307, 3, 177, 'March 13 2018'),
(308, 3, 118, 'March 13 2018'),
(309, 3, 307, 'March 13 2018'),
(310, 3, 383, 'March 13 2018'),
(311, 3, 118, 'March 13 2018'),
(312, 3, 342, 'March 13 2018'),
(313, 3, 145, 'March 14 2018'),
(314, 4, 80, 'March 14 2018'),
(315, 4, 80, 'March 14 2018'),
(316, 4, 80, 'March 14 2018'),
(317, 4, 80, 'March 14 2018'),
(318, 4, 80, 'March 14 2018'),
(319, 4, 80, 'March 14 2018'),
(320, 4, 342, 'March 14 2018'),
(321, 4, 164, 'March 14 2018'),
(322, 4, 101, 'March 14 2018'),
(323, 4, 134, 'March 14 2018'),
(324, 4, 177, 'March 15 2018'),
(325, 4, 145, 'March 15 2018'),
(326, 4, 0, 'March 22 2018'),
(327, 4, 0, 'March 22 2018'),
(328, 4, 0, 'March 22 2018'),
(329, 4, 64, 'March 28 2018'),
(330, 4, 0, 'March 28 2018'),
(331, 4, 70, 'May 02 2018'),
(332, 4, 16, 'May 23 2018'),
(333, 4, 16, 'June 09 2018'),
(334, 4, 63, 'August 18 2018'),
(335, 4, 0, 'November 24 2018');

--
-- Indexes for dumped tables
--

--
-- Indexes for table `sessionid`
--
ALTER TABLE `sessionid`
  ADD PRIMARY KEY (`id`);

--
-- Indexes for table `user`
--
ALTER TABLE `user`
  ADD PRIMARY KEY (`ids`);

--
-- Indexes for table `userattendance`
--
ALTER TABLE `userattendance`
  ADD PRIMARY KEY (`id`);

--
-- AUTO_INCREMENT for dumped tables
--

--
-- AUTO_INCREMENT for table `sessionid`
--
ALTER TABLE `sessionid`
  MODIFY `id` int(11) NOT NULL AUTO_INCREMENT, AUTO_INCREMENT=5;

--
-- AUTO_INCREMENT for table `user`
--
ALTER TABLE `user`
  MODIFY `ids` int(11) NOT NULL AUTO_INCREMENT, AUTO_INCREMENT=384;

--
-- AUTO_INCREMENT for table `userattendance`
--
ALTER TABLE `userattendance`
  MODIFY `id` int(11) NOT NULL AUTO_INCREMENT, AUTO_INCREMENT=336;
COMMIT;

/*!40101 SET CHARACTER_SET_CLIENT=@OLD_CHARACTER_SET_CLIENT */;
/*!40101 SET CHARACTER_SET_RESULTS=@OLD_CHARACTER_SET_RESULTS */;
/*!40101 SET COLLATION_CONNECTION=@OLD_COLLATION_CONNECTION */;
